{
    "depression": {
        "1": 0.67447,
        "0": 0.32553
    }
}